MONTH,BOROUGH,COMMUNITYDISTRICT,REFUSETONSCOLLECTED,PAPERTONSCOLLECTED,MGPTONSCOLLECTED,RESORGANICSTONS,SCHOOLORGANICTONS,LEAVESORGANICTONS,XMASTREETONS,BOROUGH_ID
2020 / 05,Brooklyn,07,3395.3,415.9,440.0,1.3,,,,3
2020 / 08,Brooklyn,07,3722.6,424.6,457.7,,,,,3
2020 / 03,Brooklyn,07,3052.6,421.9,425.8,57.1,68.5,,,3
2020 / 07,Staten Island,03,6772.4,900.7,960.4,,,,,5
2020 / 12,Queens,05,5191.7,794.5,918.7,,,,,4
2020 / 07,Brooklyn,18,6732.9,679.8,857.7,,,,,3
2020 / 05,Queens,13,6563.7,474.0,1065.8,19.3,,,,4
2020 / 09,Queens,13,6561.8,520.0,985.4,,,,,4
2021 / 03,Queens,13,5638.9,455.7,950.8,,,,,4
2020 / 05,Staten Island,01,6495.4,651.4,925.8,12.3,,,,5
2021 / 02,Staten Island,01,4009.7,480.9,563.4,,,,,5
2020 / 04,Queens,01,3888.5,607.4,768.9,,,,,4
2020 / 11,Queens,01,4221.7,641.8,657.0,,,,,4
2020 / 01,Queens,01,3935.7,662.1,696.1,,,,42.0,4
2021 / 03,Queens,01,4285.6,669.3,714.4,,,,,4
2020 / 07,Brooklyn,15,4937.5,599.2,598.6,,,,,3
2020 / 07,Queens,09,4904.7,517.0,770.5,,,,,4
2020 / 02,Brooklyn,05,3871.4,212.0,343.6,,,,,3
2021 / 02,Brooklyn,05,3980.1,237.7,349.4,,,,,3
2020 / 04,Brooklyn,06,1865.0,500.2,479.3,105.5,,,,3
2020 / 06,Brooklyn,06,2357.8,544.4,488.0,,,,,3
2020 / 04,Queens,03,4465.5,335.6,567.5,,,,,4
2020 / 11,Bronx,12,4292.3,386.7,572.6,,,,,2
2021 / 01,Bronx,12,3697.3,418.6,625.2,,,3.4,8.1,2
2020 / 12,Bronx,12,4174.0,488.3,684.6,,,,,2
2020 / 01,Staten Island,02,3946.9,586.0,534.8,,46.2,,26.7,5
2020 / 08,Staten Island,02,5021.5,533.7,710.5,,,,,5
2020 / 11,Queens,07,7212.0,760.5,760.6,,,,,4
2021 / 02,Queens,07,5389.6,665.2,659.7,,,,,4
2020 / 12,Queens,07,6902.1,949.7,896.9,,,,,4
2020 / 02,Brooklyn,14,4062.5,429.5,360.5,,58.4,,,3
2020 / 08,Brooklyn,14,5137.8,474.8,506.7,,,,,3
2020 / 09,Brooklyn,13,2349.3,204.3,261.1,,,,,3
2021 / 01,Brooklyn,13,2035.1,207.3,260.1,,,,3.7,3
2020 / 01,Queens,02,2927.0,461.1,438.2,75.0,66.8,,22.8,4
2021 / 02,Queens,02,2648.2,392.1,386.2,,,,,4
2020 / 06,Queens,04,4630.9,402.8,573.4,,,,,4
2020 / 11,Queens,04,4148.6,335.9,546.4,,,,,4
2020 / 03,Queens,04,3948.8,315.7,428.0,,,,,4
2020 / 11,Brooklyn,12,6513.2,655.3,359.1,,,,,3
2021 / 02,Brooklyn,12,5808.0,634.2,355.2,,,,,3
2020 / 02,Queens,14,2367.0,212.7,234.0,49.8,,,,4
2020 / 01,Brooklyn,02,2450.4,582.7,463.8,80.7,42.1,,52.5,3
2020 / 04,Brooklyn,02,2007.9,450.1,466.0,81.2,,,,3
2020 / 11,Brooklyn,02,2638.5,500.7,422.8,,,,,3
2020 / 02,Brooklyn,02,2255.0,479.1,382.4,62.0,27.6,,,3
2021 / 04,Brooklyn,02,655.0,135.2,107.1,,,,,3
2020 / 08,Bronx,11,3655.9,281.5,468.0,,,,,2
2020 / 09,Bronx,11,3443.4,281.5,447.6,,,,,2
2020 / 06,Bronx,11,3745.5,345.4,521.1,,,,,2
2020 / 03,Queens,11,2685.3,459.8,468.4,137.6,38.7,,,4
2021 / 01,Queens,11,2700.7,478.2,463.9,,,,18.0,4
2021 / 04,Queens,11,750.7,105.2,109.8,,,,,4
2021 / 02,Queens,08,2949.3,383.2,358.1,,,,,4
2021 / 01,Queens,08,3487.0,477.6,433.2,,,3.8,7.2,4
2020 / 07,Brooklyn,10,3906.2,532.2,555.0,,,,,3
2020 / 08,Brooklyn,10,3815.1,484.6,515.6,,,,,3
2020 / 06,Brooklyn,17,5294.7,392.5,607.7,,,,,3
2021 / 03,Brooklyn,17,4746.1,351.2,490.7,,,,,3
2020 / 08,Queens,06,3180.1,421.7,424.6,,,,,4
2021 / 01,Queens,06,2685.3,439.5,428.7,,,,9.3,4
2021 / 04,Brooklyn,08,643.9,86.4,81.5,,,,,3
2020 / 06,Bronx,01,2430.3,207.1,209.4,,,,,2
2020 / 05,Bronx,01,2225.8,150.9,159.2,0.4,,,,2
2020 / 02,Brooklyn,16,1796.4,94.7,146.8,18.0,,,,3
2020 / 01,Brooklyn,16,2022.3,125.5,188.0,23.7,,9.2,3.8,3
2021 / 03,Brooklyn,16,2427.7,123.6,196.8,,,,,3
2020 / 04,Bronx,02,1480.8,102.0,170.9,,,,,2
2020 / 10,Bronx,02,1736.9,157.1,199.5,,,,,2
2021 / 01,Bronx,02,1546.8,145.7,173.4,,,5.5,3.0,2
2020 / 12,Manhattan,07,4467.1,1168.4,844.0,,,,,1
2021 / 04,Manhattan,07,1016.8,274.3,176.5,,,,,1
2020 / 05,Manhattan,03,2674.8,292.0,346.9,,,,,1
2020 / 07,Manhattan,03,3056.7,380.5,394.2,,,,,1
2020 / 08,Manhattan,03,3037.6,345.7,332.7,,,,,1
2020 / 10,Manhattan,03,2911.0,413.2,359.6,,,,,1
2021 / 03,Manhattan,03,2870.2,363.5,322.4,,,,,1
2020 / 04,Manhattan,02,1259.9,316.3,308.2,,,,,1
2021 / 02,Manhattan,02,1656.5,386.4,282.3,,,,,1
2020 / 07,Manhattan,10,3011.6,326.4,325.3,,,,,1
2020 / 12,Manhattan,10,2843.8,368.7,322.5,,,13.5,,1
2021 / 04,Manhattan,10,610.4,66.5,64.4,,,,,1
2020 / 02,Bronx,04,3589.5,212.3,335.3,11.6,,,,2
2020 / 08,Brooklyn,01,5249.8,745.7,588.6,,,,,3
2020 / 03,Brooklyn,03,3943.5,392.5,408.3,,,,,3
2021 / 01,Brooklyn,03,4108.9,472.8,462.8,,,12.3,18.5,3
2020 / 11,Manhattan,12,4980.6,432.5,474.8,,,,,1
2021 / 01,Manhattan,05,1120.7,260.9,182.2,,,,13.6,1
2020 / 04,Manhattan,08,3609.6,856.8,790.8,10.8,,,,1
2020 / 08,Manhattan,08,4348.4,866.6,722.1,,,,,1
2020 / 07,Bronx,05,4120.4,331.8,435.4,,,,,2
2020 / 03,Bronx,05,3391.8,206.3,335.9,,,,,2
2020 / 07,Manhattan,06,2670.1,528.7,456.1,,,,,1
2020 / 10,Manhattan,06,2851.2,621.8,482.4,,,,,1
2020 / 11,Manhattan,06,2567.4,456.3,356.0,,,,,1
2021 / 03,Manhattan,06,2721.4,501.2,391.6,,,,,1
2021 / 01,Manhattan,06,2465.9,546.6,442.4,,,,30.6,1
2021 / 04,Manhattan,06,616.7,124.8,106.1,,,,,1
2020 / 05,Manhattan,11,2158.3,218.7,219.7,,,,,1
2020 / 12,Manhattan,11,2322.7,276.6,235.9,,,,,1
2021 / 02,Bronx,07,3300.6,294.4,429.7,,,,,2
2020 / 12,Manhattan,01,1252.2,401.5,268.2,,,,,1
2021 / 04,Manhattan,01,295.7,85.4,57.6,,,,,1
2020 / 06,Brooklyn,04,3813.0,373.0,501.8,,,,,3
2021 / 02,Brooklyn,04,2743.8,280.1,354.2,,,,,3
2021 / 04,Brooklyn,04,902.8,81.4,105.0,,,,,3
2021 / 02,Bronx,06,2064.4,164.3,192.2,,,,,2
2021 / 01,Bronx,06,2248.6,205.6,220.9,,,,4.6,2
2021 / 04,Bronx,06,574.9,51.2,56.6,,,,,2
2020 / 11,Queens,7A,,,,,,4.5,,
2020 / 10,Brooklyn,07,3555.0,456.1,450.2,,,,,3
2020 / 01,Brooklyn,07,3132.2,444.3,435.2,58.5,132.5,,28.2,3
2020 / 02,Staten Island,03,4510.2,632.0,579.9,,25.0,,,5
2021 / 03,Staten Island,03,6152.3,759.9,757.9,,,,,5
2020 / 07,Brooklyn,11,5762.9,655.5,710.2,,,,,3
2021 / 02,Brooklyn,11,4307.5,504.5,492.7,,,,,3
2020 / 03,Brooklyn,11,4793.8,591.6,550.8,42.7,,9.2,,3
2020 / 08,Brooklyn,11,5515.4,608.3,648.2,,,,,3
2020 / 09,Queens,05,5552.1,647.6,867.9,,,,,4
2020 / 03,Queens,05,4562.3,594.1,762.2,115.5,40.8,,,4
2020 / 05,Queens,05,5577.8,601.6,1009.0,8.4,,,,4
2020 / 10,Queens,05,5371.9,689.8,856.5,,,,,4
2020 / 08,Queens,05,5638.6,602.9,860.4,,,,,4
2020 / 01,Brooklyn,18,5060.7,591.8,644.6,,,,13.8,3
2020 / 01,Bronx,09,3664.2,237.0,365.6,,,,14.7,2
2020 / 02,Staten Island,01,4212.7,515.5,572.9,48.9,,,,5
2021 / 03,Staten Island,01,5945.5,640.8,788.3,,,,,5
2020 / 09,Bronx,10,2995.5,310.4,496.1,,,,,2
2020 / 03,Bronx,10,2277.1,291.5,412.8,59.1,,,,2
2020 / 12,Bronx,10,2779.9,403.7,474.4,,,,,2
2021 / 04,Bronx,10,626.4,90.5,112.9,,,,,2
2020 / 07,Queens,12,8575.7,628.8,1250.5,,,,,4
2021 / 03,Queens,12,7127.9,544.6,952.0,,,,,4
2020 / 04,Queens,12,6478.1,444.2,958.4,,,,,4
2021 / 04,Queens,12,1754.2,135.2,239.7,,,,,4
2020 / 07,Queens,01,4669.5,696.7,764.7,,,,,4
2020 / 09,Queens,01,4416.9,675.1,723.6,,,,,4
2021 / 02,Queens,01,3376.2,563.1,591.7,,,,,4
2021 / 01,Queens,01,3895.6,677.0,715.3,,,,29.0,4
2020 / 11,Brooklyn,15,4946.5,554.5,512.7,,,,,3
2021 / 01,Brooklyn,15,4402.3,578.3,550.1,,,,6.4,3
2020 / 12,Brooklyn,15,4869.0,685.1,602.6,,,,,3
2020 / 09,Queens,09,4600.2,428.0,748.1,,,,,4
2020 / 01,Brooklyn,05,4358.6,288.2,459.3,,,,4.6,3
2021 / 03,Brooklyn,05,5153.2,345.0,511.2,,,,,3
2020 / 01,Brooklyn,06,2081.9,611.8,473.8,115.5,52.1,,70.6,3
2020 / 01,Queens,03,4658.7,410.6,540.7,,,,29.5,4
2020 / 08,Queens,03,5808.5,427.5,635.4,,,,,4
2020 / 06,Bronx,12,4863.3,487.1,797.5,,,,,2
2020 / 02,Bronx,12,3081.5,302.5,502.5,104.3,,,,2
2020 / 09,Bronx,12,4504.0,434.2,684.9,,,,,2
2020 / 10,Bronx,12,4405.8,444.6,648.6,,,,,2
2020 / 03,Bronx,12,3480.0,351.9,562.9,115.4,,,,2
2021 / 04,Bronx,12,995.1,105.6,159.7,,,,,2
2020 / 09,Staten Island,02,4765.5,549.2,724.6,,,,,5
2021 / 04,Staten Island,02,1178.1,146.7,192.4,,,,,5
2020 / 01,Queens,07,6075.7,843.4,788.1,109.9,,,82.8,4
2020 / 09,Brooklyn,14,5222.1,491.0,497.3,,,,,3
2021 / 02,Brooklyn,14,4073.5,426.0,375.9,,,,,3
2021 / 01,Brooklyn,14,4636.0,512.2,479.7,,,,7.7,3
2020 / 03,Brooklyn,13,1915.1,190.5,227.6,18.0,,,,3
2020 / 12,Brooklyn,13,2218.2,217.5,240.5,,,,,3
2020 / 09,Queens,02,3434.5,475.1,465.3,,,,,4
2020 / 01,Queens,04,3990.8,383.7,487.1,,,,15.2,4
2020 / 10,Queens,04,4289.6,386.8,653.2,,,,,4
2020 / 08,Brooklyn,12,5601.7,606.4,389.4,,,,,3
2021 / 01,Brooklyn,12,6263.8,725.9,393.9,,,,4.7,3
2020 / 06,Queens,10,4817.9,442.3,814.7,,,,,4
2020 / 07,Queens,10,4804.9,428.4,773.2,,,,,4
2020 / 05,Queens,14,3537.2,285.6,370.7,8.4,,,,4
2020 / 08,Queens,14,3911.9,285.1,362.1,,,,,4
2020 / 12,Queens,14,3341.4,322.1,329.0,,,,,4
2020 / 07,Brooklyn,02,2663.6,502.2,478.1,,,,,3
2020 / 03,Bronx,11,2806.9,274.8,359.2,65.1,,,,2
2020 / 01,Bronx,11,2821.3,312.8,374.3,57.2,,,17.2,2
2021 / 04,Bronx,11,893.6,95.9,113.0,,,,,2
2020 / 06,Queens,11,3693.3,533.5,592.0,,,,,4
2020 / 10,Queens,11,3416.8,485.9,496.0,,,,,4
2020 / 01,Queens,11,2615.7,497.4,456.6,120.5,82.1,,35.0,4
2021 / 02,Queens,11,2211.1,370.1,369.8,,,,,4
2021 / 03,Queens,11,3105.6,469.0,481.4,,,,,4
2020 / 04,Queens,08,3384.3,430.1,468.7,71.7,,,,4
2020 / 09,Queens,08,4266.4,489.9,468.4,,,,,4
2020 / 05,Brooklyn,10,3591.3,489.8,532.6,4.4,,,,3
2020 / 11,Brooklyn,10,3767.8,486.7,471.0,,,,,3
2020 / 02,Brooklyn,10,2818.5,418.0,408.6,51.5,,14.5,,3
2021 / 02,Brooklyn,10,2841.6,418.8,434.0,,,,,3
2020 / 05,Queens,06,2924.6,412.3,442.4,,,,,4
2020 / 07,Queens,06,3249.2,465.8,459.0,,,,,4
2020 / 12,Queens,06,2966.4,523.1,467.1,,,,,4
2020 / 04,Queens,06,2609.8,390.7,452.9,,,,,4
2020 / 06,Bronx,08,2686.7,412.5,487.6,,,,,2
2020 / 07,Bronx,08,2663.6,377.2,443.8,,,,,2
2020 / 03,Bronx,08,2197.2,322.3,399.1,56.7,,,,2
2021 / 01,Bronx,08,2302.2,350.0,410.6,,,,10.8,2
2020 / 09,Brooklyn,08,2974.2,382.4,367.0,,,,,3
2020 / 03,Brooklyn,08,2539.6,317.9,322.1,,11.2,,,3
2020 / 04,Brooklyn,08,2396.8,286.2,324.9,,,,,3
2020 / 07,Bronx,01,2411.0,166.2,182.3,,,,,2
2020 / 08,Bronx,01,2430.6,164.8,182.7,,,,,2
2020 / 06,Brooklyn,16,2596.3,142.4,217.4,,,,,3
2020 / 03,Brooklyn,16,2027.0,93.8,151.8,18.2,,,,3
2020 / 11,Brooklyn,16,2382.1,112.0,185.7,,,,,3
2020 / 12,Brooklyn,16,2449.0,162.5,222.0,,,,,3
2020 / 02,Bronx,02,1346.8,92.5,138.4,,,,,2
2020 / 09,Bronx,02,1693.1,128.6,165.3,,,,,2
2020 / 02,Manhattan,07,4253.6,1017.3,758.6,36.2,37.1,,,1
2020 / 11,Manhattan,07,4425.6,953.8,728.4,,,,,1
2020 / 01,Manhattan,03,2857.0,381.9,365.6,,53.9,,20.0,1
2020 / 12,Manhattan,03,2773.5,389.9,354.4,,,,,1
2020 / 02,Manhattan,02,1717.3,412.4,310.0,,22.9,,,1
2020 / 01,Bronx,04,3877.7,236.8,388.0,14.6,,,6.2,2
2021 / 02,Bronx,04,3618.8,247.9,317.5,,,,,2
2020 / 07,Brooklyn,01,5147.7,755.8,663.2,,,,,3
2020 / 02,Brooklyn,01,5065.6,605.8,451.6,44.9,,11.5,,3
2020 / 12,Brooklyn,03,4404.9,561.3,503.1,,,,,3
2020 / 03,Manhattan,12,4534.5,421.5,502.1,36.4,26.7,,,1
2020 / 01,Manhattan,05,1285.2,298.7,201.0,,,,22.4,1
2020 / 04,Manhattan,05,900.2,198.8,176.8,,,,,1
2020 / 10,Manhattan,05,1269.2,298.9,186.5,,,,,1
2021 / 03,Manhattan,08,4723.2,1059.9,776.1,,,,,1
2020 / 12,Manhattan,08,4829.9,1259.0,871.1,,,,,1
2020 / 09,Manhattan,06,2793.8,515.8,391.2,,,,,1
2020 / 06,Manhattan,06,2637.9,426.8,387.5,,,,,1
2020 / 05,Manhattan,06,2345.4,454.8,442.6,3.6,,,,1
2020 / 06,Manhattan,09,2331.2,259.9,290.4,,,,,1
2020 / 10,Manhattan,09,2300.3,318.0,315.6,,,,,1
2021 / 02,Brooklyn,09,2610.5,236.5,229.6,,,,,3
2020 / 07,Manhattan,11,2457.2,252.1,230.8,,,,,1
2020 / 11,Manhattan,11,2195.4,209.5,189.4,,,,,1
2021 / 02,Manhattan,11,1920.2,198.2,180.9,,,,,1
2021 / 01,Manhattan,11,2204.5,222.1,208.7,,,,12.2,1
2020 / 07,Manhattan,04,2449.5,494.5,446.4,,,,,1
2021 / 03,Manhattan,04,2308.8,454.0,384.5,,,,,1
2020 / 04,Manhattan,01,924.0,266.3,241.2,13.9,,,,1
2020 / 07,Manhattan,01,1175.9,327.2,251.1,,,,,1
2020 / 03,Manhattan,01,1311.2,377.9,251.6,20.2,,,,1
2020 / 08,Brooklyn,04,3802.3,355.7,488.0,,,,,3
2020 / 12,Bronx,03,2281.5,225.5,259.8,,,,,2
2020 / 09,Bronx,06,2477.3,272.6,300.4,,,,,2
2020 / 12,Queens,7A,,,,,,7.5,,
2020 / 06,Brooklyn,07,3695.2,482.4,508.1,,,,,3
2021 / 04,Brooklyn,07,799.5,104.2,108.9,,,,,3
2020 / 06,Staten Island,03,7161.8,857.2,980.5,,,,,5
2020 / 04,Staten Island,03,6130.2,812.2,905.4,,,,,5
2020 / 05,Brooklyn,11,5251.3,607.5,614.6,3.1,,,,3
2021 / 04,Brooklyn,11,1371.0,152.3,158.4,,,,,3
2020 / 07,Queens,05,5568.4,648.2,1045.9,,,,,4
2020 / 06,Brooklyn,18,6653.2,662.1,842.6,,,,,3
2020 / 03,Brooklyn,18,4845.4,526.4,609.2,,,,,3
2020 / 02,Queens,13,4030.4,346.9,719.6,127.2,,,,4
2020 / 08,Queens,13,6938.3,540.5,1016.6,,,,,4
2020 / 10,Bronx,09,4119.7,296.4,446.5,,,,,2
2021 / 01,Bronx,09,3688.7,271.7,410.4,,,,9.8,2
2020 / 12,Bronx,09,3935.6,315.2,458.2,,,,,2
2020 / 07,Staten Island,01,6389.2,704.0,986.8,,,,,5
2020 / 10,Staten Island,01,6093.6,646.1,884.2,,,,,5
2021 / 04,Staten Island,01,1511.3,185.0,217.0,,,,,5
2020 / 11,Bronx,10,2911.9,293.7,402.2,,,,,2
2021 / 03,Bronx,10,2779.9,323.4,413.2,,,,,2
2021 / 02,Bronx,10,2039.4,267.2,344.3,,,,,2
2020 / 10,Queens,12,7619.4,583.4,1016.4,,,,,4
2020 / 03,Brooklyn,15,4318.7,587.3,535.1,49.0,,,,3
2020 / 06,Brooklyn,15,4932.7,598.7,627.6,,,,,3
2020 / 02,Brooklyn,15,3924.1,508.9,443.7,51.6,,,,3
2021 / 03,Brooklyn,15,4853.7,587.0,575.5,,,,,3
2021 / 02,Brooklyn,15,3847.7,484.2,456.6,,,,,3
2020 / 05,Queens,09,4571.6,436.0,679.9,11.4,,,,4
2021 / 02,Queens,09,3179.8,345.9,493.1,,,,,4
2021 / 01,Queens,09,3794.8,445.9,625.0,,,,22.5,4
2020 / 09,Brooklyn,05,5488.9,334.7,546.5,,,,,3
2021 / 02,Brooklyn,06,1827.9,491.2,390.2,,,,,3
2020 / 03,Brooklyn,06,1999.5,555.9,453.8,115.2,27.7,,,3
2020 / 02,Queens,03,4172.5,315.1,435.8,,,,,4
2020 / 07,Queens,03,6005.3,487.1,712.3,,,,,4
2020 / 07,Staten Island,02,4921.8,602.7,789.1,,,,,5
2020 / 06,Staten Island,02,5191.9,613.6,830.1,,,,,5
2020 / 03,Staten Island,02,4014.9,545.9,534.3,,20.4,,,5
2020 / 12,Staten Island,02,4435.9,733.9,653.6,,,3.4,,5
2021 / 04,Brooklyn,14,1199.5,118.9,115.0,,,,,3
2020 / 11,Queens,02,3195.6,428.7,422.5,,,,,4
2020 / 05,Queens,04,4287.1,356.5,536.6,,,,,4
2020 / 02,Queens,04,3553.1,284.3,384.5,,,,,4
2020 / 01,Brooklyn,12,6084.9,693.1,454.2,40.6,107.2,,7.3,3
2021 / 03,Brooklyn,12,6957.9,739.4,432.8,,,,,3
2020 / 01,Queens,10,3409.9,386.4,506.1,56.1,,,59.0,4
2020 / 07,Queens,14,3850.1,319.2,399.6,,,,,4
2020 / 03,Queens,14,2763.7,248.9,266.3,69.5,,,,4
2021 / 03,Queens,14,3227.1,257.6,296.9,,,,,4
2021 / 02,Queens,14,2480.8,211.7,211.8,,,,,4
2020 / 09,Brooklyn,02,2752.9,556.9,455.2,,,,,3
2020 / 08,Brooklyn,02,2676.6,484.3,445.4,,,,,3
2020 / 03,Brooklyn,02,2372.5,514.1,440.0,79.7,19.8,,,3
2020 / 02,Bronx,11,2523.2,238.7,326.0,45.6,,,,2
2020 / 04,Bronx,11,2906.4,278.0,420.6,66.0,,,,2
2021 / 01,Brooklyn,10,3350.3,510.8,532.5,,,,22.4,3
2020 / 03,Brooklyn,10,3143.7,494.2,493.8,66.2,,,,3
2020 / 12,Brooklyn,10,3688.1,617.9,578.3,,,,,3
2020 / 02,Brooklyn,17,3646.5,258.6,382.4,,,,,3
2020 / 01,Queens,06,2749.6,459.8,414.8,,80.3,,6.4,4
2020 / 08,Bronx,08,2639.6,351.9,419.7,,,,,2
2021 / 03,Bronx,08,2505.0,362.3,427.6,,,,,2
2021 / 02,Bronx,08,2027.3,299.2,360.3,,,,,2
2021 / 03,Brooklyn,08,2915.0,382.6,364.8,,,,,3
2020 / 01,Brooklyn,08,2583.3,306.6,303.5,,15.7,,21.5,3
2020 / 04,Bronx,01,1923.2,105.3,139.6,3.4,,,,2
2021 / 02,Bronx,01,1904.4,132.1,130.8,,,,,2
2020 / 05,Brooklyn,16,2325.3,142.4,220.4,4.1,,,,3
2021 / 01,Brooklyn,16,2187.4,143.6,217.4,,,,0.5,3
2021 / 04,Brooklyn,16,566.2,29.7,44.5,,,,,3
2020 / 05,Bronx,02,1689.7,143.6,194.6,,,,,2
2020 / 12,Bronx,02,1723.3,163.0,188.1,,,4.5,,2
2021 / 04,Bronx,02,403.3,40.6,48.6,,,,,2
2021 / 03,Manhattan,07,4539.3,1005.4,772.6,,,,,1
2020 / 06,Manhattan,03,3002.9,300.2,324.8,,,,,1
2021 / 04,Manhattan,03,646.8,99.7,73.8,,,,,1
2020 / 01,Manhattan,02,1856.3,484.6,352.2,,27.1,,46.0,1
2020 / 12,Manhattan,02,1813.5,481.6,346.3,,,,,1
2020 / 04,Manhattan,10,2325.6,259.2,300.4,15.3,,,,1
2020 / 09,Manhattan,10,2911.7,308.4,306.7,,,,,1
2020 / 10,Bronx,04,4402.9,323.7,411.7,,,,,2
2020 / 01,Brooklyn,01,5299.1,714.1,545.0,53.3,,,44.5,3
2020 / 11,Brooklyn,01,5682.1,691.0,518.5,,,,,3
2020 / 09,Brooklyn,01,6165.0,837.2,597.4,,,,,3
2020 / 06,Brooklyn,03,4770.1,491.5,534.9,,,,,3
2020 / 09,Brooklyn,03,4779.5,528.6,512.8,,,,,3
2020 / 08,Brooklyn,03,4692.3,427.8,477.2,,,,,3
2020 / 02,Brooklyn,03,3452.5,330.8,325.7,,,,,3
2020 / 11,Manhattan,05,1152.3,236.1,164.1,,,,,1
2021 / 02,Manhattan,05,1076.1,235.2,166.0,,,,,1
2020 / 07,Manhattan,08,4280.1,963.4,746.5,,,,,1
2020 / 01,Manhattan,08,5085.0,1263.7,914.2,24.0,,,162.0,1
2020 / 06,Manhattan,08,4320.8,902.5,741.6,,,,,1
2020 / 10,Manhattan,08,5017.6,1195.9,863.2,,,,,1
2020 / 11,Manhattan,08,4605.8,1013.6,729.1,,,,,1
2020 / 03,Manhattan,08,4735.4,1128.5,824.2,16.7,,,,1
2020 / 02,Bronx,05,3081.1,178.2,293.7,,,,,2
2020 / 04,Bronx,05,3355.3,189.1,326.6,,,,,2
2020 / 11,Bronx,05,3625.7,266.2,378.8,,,,,2
2020 / 12,Bronx,05,3740.1,311.9,398.7,,,,,2
2020 / 01,Manhattan,06,2788.6,619.2,487.0,38.4,,,41.0,1
2020 / 12,Manhattan,09,2245.3,280.0,280.0,,,,,1
2020 / 01,Manhattan,11,2237.3,264.8,237.3,,,,12.5,1
2020 / 09,Manhattan,11,2350.7,262.2,226.0,,,,,1
2020 / 04,Manhattan,11,1896.8,203.5,221.1,,,,,1
2020 / 03,Bronx,07,3584.9,282.7,456.5,,,,,2
2021 / 01,Bronx,07,3636.4,358.5,552.0,,,,11.7,2
2020 / 01,Manhattan,04,2303.8,541.2,460.7,35.6,,,29.7,1
2020 / 10,Manhattan,04,2418.5,563.0,453.2,,,,,1
2020 / 03,Manhattan,04,2278.7,461.3,394.3,37.3,,,,1
2021 / 02,Manhattan,04,2041.3,453.7,342.0,,,,,1
2020 / 12,Manhattan,04,2305.2,536.6,424.1,,,,,1
2020 / 06,Manhattan,01,1207.8,286.0,224.9,,,,,1
2020 / 09,Manhattan,01,1329.3,356.9,224.4,,,,,1
2020 / 01,Manhattan,01,1347.5,444.1,283.0,19.5,,,40.7,1
2020 / 07,Brooklyn,04,3889.5,378.8,498.5,,,,,3
2020 / 01,Brooklyn,04,2947.4,297.0,403.6,,,,14.5,3
2020 / 06,Bronx,03,2354.0,240.5,276.5,,,,,2
2020 / 03,Bronx,03,1955.4,139.8,219.0,,,,,2
2020 / 01,Bronx,06,2176.8,172.6,236.4,11.8,43.6,,18.4,2
2020 / 02,Bronx,06,1972.7,123.2,180.8,9.0,31.5,,,2
2020 / 08,Bronx,06,2568.2,200.5,256.9,,,,,2
2020 / 09,Brooklyn,07,3650.2,453.2,450.6,,,,,3
2020 / 02,Brooklyn,07,2787.0,357.8,353.9,51.3,105.8,,,3
2020 / 12,Brooklyn,07,3523.2,507.8,478.2,,,,,3
2020 / 01,Staten Island,03,5351.9,856.2,761.6,,34.4,,42.6,5
2020 / 10,Staten Island,03,6406.3,840.8,828.1,,,,,5
2020 / 11,Staten Island,03,6941.5,749.6,685.3,,,,,5
2020 / 04,Brooklyn,11,4554.4,559.8,584.7,37.8,,,,3
2020 / 10,Brooklyn,11,5465.9,666.2,627.4,,,,,3
2021 / 03,Brooklyn,11,5462.8,585.2,584.2,,,,,3
2020 / 02,Brooklyn,11,4367.3,519.8,483.9,37.7,,9.8,,3
2020 / 01,Queens,05,4562.5,691.3,779.1,109.9,68.6,,72.3,4
2020 / 09,Brooklyn,18,6346.2,607.0,737.0,,,,,3
2020 / 12,Brooklyn,18,5894.8,756.5,756.6,,,,,3
2020 / 03,Queens,13,4606.7,414.2,816.5,160.2,,,,4
2020 / 04,Queens,13,4935.8,428.6,922.2,196.5,,,,4
2021 / 04,Queens,13,1386.5,108.6,223.2,,,,,4
2020 / 08,Bronx,09,4411.1,300.9,497.7,,,,,2
2020 / 04,Staten Island,01,5302.3,627.0,867.2,169.1,,,,5
2020 / 11,Staten Island,01,6384.4,605.5,693.0,,,,,5
2020 / 12,Staten Island,01,5801.1,787.2,831.0,,,,,5
2020 / 02,Bronx,10,2084.6,256.1,370.2,37.0,,,,2
2020 / 01,Bronx,10,2348.2,339.8,427.6,48.9,,,14.0,2
2020 / 05,Queens,12,7951.0,540.6,1050.0,,,,,4
2020 / 02,Queens,12,5414.7,377.1,742.7,,,,,4
2020 / 09,Queens,12,7848.3,550.9,1039.3,,,,,4
2020 / 06,Queens,01,4641.7,724.4,830.2,,,,,4
2020 / 08,Queens,01,4637.2,670.6,734.5,,,,,4
2020 / 02,Queens,01,3473.8,540.3,576.3,,,,,4
2020 / 05,Brooklyn,15,4743.0,555.2,573.7,2.6,,,,3
2020 / 08,Brooklyn,15,4835.8,541.1,555.2,,,,,3
2020 / 06,Queens,09,4845.7,530.7,779.0,,,,,4
2020 / 08,Queens,09,4861.2,449.0,749.1,,,,,4
2020 / 01,Queens,09,3634.3,463.6,552.2,164.1,40.0,,36.0,4
2020 / 03,Queens,09,3613.2,423.5,556.6,158.2,21.6,,,4
2021 / 04,Queens,09,1051.8,114.0,173.0,,,,,4
2020 / 08,Brooklyn,05,5716.1,322.6,533.6,,,,,3
2020 / 11,Brooklyn,06,2383.8,549.9,440.8,,,,,3
2020 / 06,Queens,03,6035.7,452.7,672.7,,,,,4
2021 / 02,Bronx,12,3141.5,315.4,476.1,,,,,2
2020 / 05,Staten Island,02,5189.0,571.5,702.7,,,,,5
2020 / 10,Staten Island,02,4691.7,577.1,666.6,,,,,5
2021 / 02,Staten Island,02,3169.7,444.6,458.2,,,,,5
2020 / 06,Queens,07,7718.7,870.3,1027.2,,,,,4
2020 / 08,Queens,07,7807.7,816.3,905.8,,,,,4
2020 / 04,Brooklyn,14,4536.1,449.1,451.7,,,,,3
2020 / 06,Brooklyn,13,2383.7,215.9,287.5,,,,,3
2020 / 08,Brooklyn,13,2415.9,182.5,248.0,,,,,3
2021 / 02,Brooklyn,13,1801.2,163.2,188.1,,,,,3
2020 / 04,Queens,02,2702.2,393.0,482.4,77.3,,,,4
2020 / 08,Queens,02,3560.9,439.2,456.5,,,,,4
2021 / 01,Queens,02,2931.6,460.6,467.9,,,,21.3,4
2021 / 04,Queens,04,1104.0,94.2,163.0,,,,,4
2020 / 02,Brooklyn,12,5717.2,603.1,395.3,35.4,79.5,,,3
2020 / 03,Brooklyn,12,6505.4,698.4,477.3,40.0,63.8,,,3
2020 / 08,Queens,10,4811.8,382.5,671.0,,,,,4
2021 / 01,Queens,10,3515.7,382.2,571.5,,,,11.8,4
2021 / 04,Queens,10,1085.9,96.0,152.0,,,,,4
2020 / 10,Queens,14,3438.8,305.6,344.3,,,,,4
2021 / 01,Queens,14,2964.9,284.1,307.5,,,,27.0,4
2021 / 04,Queens,14,733.6,59.1,71.2,,,,,4
2020 / 06,Brooklyn,02,2608.2,489.3,478.0,,,,,3
2020 / 10,Brooklyn,02,2745.0,566.2,464.3,,,,,3
2020 / 11,Bronx,11,3441.7,265.8,385.6,,,,,2
2020 / 07,Bronx,11,3683.3,314.9,514.5,,,,,2
2021 / 02,Bronx,11,2536.8,259.8,313.9,,,,,2
2020 / 05,Bronx,11,3495.3,315.2,472.7,9.0,,,,2
2020 / 12,Bronx,11,3268.6,359.4,452.1,,,,,2
2020 / 04,Queens,11,2874.2,468.8,539.9,126.8,,,,4
2020 / 08,Queens,11,3671.5,472.0,516.1,,,,,4
2020 / 02,Queens,11,2242.2,391.5,373.3,98.6,61.6,,,4
2020 / 12,Queens,11,3152.1,570.2,529.2,,,,,4
2020 / 06,Queens,08,4411.6,512.3,532.7,,,,,4
2020 / 01,Queens,08,3374.4,468.9,411.6,104.5,,,38.4,4
2020 / 08,Queens,08,4377.6,478.7,479.9,,,,,4
2021 / 03,Queens,08,3840.0,484.6,465.6,,,,,4
2020 / 09,Brooklyn,10,3693.2,528.5,522.8,,,,,3
2020 / 09,Brooklyn,17,4968.1,353.6,545.3,,,,,3
2020 / 03,Queens,06,2749.2,398.6,392.8,,41.8,,,4
2020 / 05,Bronx,08,2477.3,341.8,420.7,6.0,,,,2
2020 / 12,Brooklyn,08,2851.4,432.3,380.6,,,2.2,,3
2020 / 11,Bronx,01,2244.8,166.2,157.7,,,,,2
2020 / 09,Bronx,01,2354.1,184.0,190.4,,,,,2
2020 / 12,Bronx,01,2275.7,177.0,181.3,,,,,2
2021 / 04,Bronx,01,556.3,37.2,39.4,,,,,2
2020 / 04,Brooklyn,16,1997.0,107.7,186.9,21.1,,,,3
2020 / 07,Bronx,02,1810.6,168.9,218.6,,,,,2
2020 / 01,Bronx,02,1484.8,125.2,183.9,,,,4.5,2
2020 / 11,Bronx,02,1614.8,99.9,126.3,,,5.0,,2
2020 / 03,Bronx,02,1480.0,94.9,142.8,,,,,2
2020 / 03,Manhattan,07,4382.9,1067.6,804.7,42.6,24.9,,,1
2020 / 09,Manhattan,07,4562.1,1007.1,731.3,,,,,1
2020 / 04,Manhattan,07,3494.5,819.9,775.9,30.9,,,,1
2020 / 05,Manhattan,07,3921.4,850.0,752.6,1.6,,,,1
2020 / 08,Manhattan,07,4379.0,890.3,729.1,,,,,1
2021 / 01,Manhattan,07,4122.7,1048.4,816.0,,,,81.6,1
2020 / 06,Manhattan,02,1696.7,366.2,320.2,,,,,1
2021 / 01,Manhattan,02,1659.6,397.0,296.3,,,,26.4,1
2021 / 04,Manhattan,02,424.8,102.3,71.7,,,,,1
2020 / 03,Manhattan,10,2487.5,269.5,273.6,17.8,20.3,,,1
2021 / 02,Manhattan,10,2335.0,241.5,231.5,,,,,1
2020 / 07,Bronx,04,4772.9,369.4,457.8,,,,,2
2020 / 06,Bronx,04,4684.4,433.8,535.5,,,,,2
2020 / 12,Brooklyn,01,5989.1,925.8,661.6,,,,,3
2020 / 10,Brooklyn,03,4542.0,486.7,473.9,,,,,3
2020 / 09,Manhattan,12,5283.8,545.6,588.1,,,,,1
2020 / 07,Manhattan,05,1275.6,248.5,183.8,,,,,1
2020 / 06,Manhattan,05,1147.4,231.0,181.8,,,,,1
2020 / 06,Bronx,05,4088.9,350.4,468.3,,,,,2
2020 / 05,Bronx,05,3886.9,278.9,402.6,,,,,2
2020 / 09,Bronx,05,3768.6,307.9,441.2,,,,,2
2021 / 03,Bronx,05,3715.8,270.8,409.7,,,,,2
2021 / 02,Bronx,05,3109.6,229.4,309.4,,,,,2
2020 / 08,Bronx,05,3915.2,304.2,441.9,,,,,2
2021 / 02,Manhattan,06,2321.7,484.4,395.4,,,,,1
2021 / 03,Manhattan,09,2230.2,244.4,262.4,,,,,1
2020 / 01,Brooklyn,09,2879.2,307.5,285.8,,,,13.8,3
2020 / 03,Brooklyn,09,2795.8,264.9,236.5,,,,,3
2020 / 08,Brooklyn,09,3204.9,307.6,283.4,,,,,3
2020 / 08,Manhattan,11,2407.5,221.2,218.3,,,,,1
2021 / 03,Manhattan,11,2288.5,240.2,220.0,,,,,1
2020 / 10,Bronx,07,3923.0,393.4,623.1,,,,,2
2020 / 04,Bronx,07,3550.1,281.2,499.9,,,,,2
2020 / 08,Bronx,07,4052.6,389.3,600.6,,,,,2
2020 / 11,Manhattan,04,2242.7,409.9,350.3,,,,,1
2020 / 06,Manhattan,04,2298.1,409.7,381.8,,,,,1
2021 / 04,Manhattan,04,553.6,148.4,91.8,,,,,1
2020 / 05,Manhattan,01,1089.3,284.8,245.0,0.6,,,,1
2020 / 03,Brooklyn,04,2972.4,279.9,400.7,,,,,3
2020 / 04,Brooklyn,04,2908.5,282.3,443.4,,,,,3
2021 / 03,Brooklyn,04,3543.2,335.1,422.1,,,,,3
2020 / 12,Brooklyn,04,3379.6,353.5,449.7,,,,,3
2020 / 04,Bronx,06,2197.1,153.9,239.8,9.6,,,,2
2020 / 06,Bronx,06,2728.9,243.8,292.8,,,,,2
2020 / 04,Brooklyn,07,2925.0,390.7,435.7,55.8,,,,3
2021 / 02,Brooklyn,07,2903.6,350.4,354.6,,,,,3
2020 / 08,Staten Island,03,6861.7,747.8,830.3,,,,,5
2021 / 04,Staten Island,03,1588.0,217.9,214.3,,,,,5
2020 / 01,Brooklyn,11,4881.9,647.8,589.8,42.0,,,20.9,3
2020 / 12,Brooklyn,11,5344.1,707.0,635.2,,,15.8,,3
2020 / 02,Queens,05,4045.7,530.6,650.9,103.3,55.7,,,4
2020 / 06,Queens,05,5693.4,678.2,1089.5,,,,,4
2020 / 02,Brooklyn,18,4388.2,461.7,525.5,,,,,3
2020 / 08,Brooklyn,18,6639.9,588.2,776.9,,,,,3
2020 / 09,Bronx,09,4236.0,289.9,465.1,,,,,2
2020 / 07,Bronx,09,4461.4,322.7,496.6,,,,,2
2021 / 02,Bronx,09,3161.9,216.9,317.8,,,,,2
2020 / 09,Staten Island,01,6081.8,612.6,892.7,,,,,5
2020 / 08,Bronx,10,3068.0,320.5,531.8,,,,,2
2020 / 01,Queens,12,6084.4,483.9,875.9,,,,13.5,4
2020 / 11,Queens,12,7505.6,497.2,859.5,,,,,4
2020 / 08,Queens,12,8452.2,558.4,1085.0,,,,,4
2020 / 12,Queens,12,7175.7,648.6,1024.4,,,,,4
2021 / 04,Brooklyn,15,1072.6,120.4,125.4,,,,,3
2020 / 10,Brooklyn,06,2368.5,642.0,493.0,,,,,3
2021 / 01,Brooklyn,06,2126.6,611.2,481.5,,,,52.2,3
2021 / 02,Queens,03,4059.9,350.7,451.2,,,,,4
2020 / 11,Staten Island,02,4976.6,530.5,530.5,,,1.0,,5
2020 / 04,Staten Island,02,4378.4,560.4,657.5,,,,,5
2021 / 03,Staten Island,02,4546.7,557.1,620.0,,,,,5
2021 / 01,Staten Island,02,3950.4,574.7,605.6,,,4.9,18.7,5
2020 / 04,Queens,07,6075.1,782.4,861.1,113.2,,,,4
2020 / 10,Queens,07,7239.3,862.8,895.0,,,,,4
2021 / 01,Queens,07,6141.7,833.0,830.5,,,,31.2,4
2021 / 04,Queens,07,1790.6,198.9,211.4,,,,,4
2020 / 11,Brooklyn,14,5135.9,495.4,447.5,,,,,3
2020 / 02,Brooklyn,13,1727.2,154.2,194.9,17.4,,,,3
2020 / 01,Brooklyn,13,1931.7,194.2,251.9,19.4,,,4.8,3
2020 / 04,Brooklyn,13,1852.9,160.0,234.0,19.8,,,,3
2021 / 01,Queens,04,3924.5,363.4,587.0,,,,9.8,4
2020 / 05,Brooklyn,12,6182.3,760.3,450.2,2.7,,,,3
2020 / 02,Queens,10,2999.8,297.5,435.2,55.1,,,,4
2020 / 11,Queens,10,4307.4,357.2,563.3,,,,,4
2020 / 12,Queens,10,3923.3,466.4,643.7,,,,,4
2020 / 04,Queens,14,2843.8,248.7,313.4,71.3,,,,4
2021 / 02,Brooklyn,02,2068.2,460.3,395.6,,,,,3
2020 / 02,Queens,08,3018.5,386.2,358.3,84.9,,,,4
2020 / 03,Queens,08,3454.1,422.7,417.6,102.9,,,,4
2020 / 06,Brooklyn,10,3877.5,549.0,595.6,,,,,3
2020 / 03,Brooklyn,17,3965.2,274.7,427.9,,,,,3
2020 / 07,Brooklyn,17,5472.3,404.8,605.0,,,,,3
2020 / 10,Brooklyn,17,4840.6,372.6,508.4,,,,,3
2021 / 02,Brooklyn,17,3516.5,254.5,380.0,,,,,3
2021 / 04,Brooklyn,17,1081.2,80.7,116.9,,,,,3
2020 / 10,Queens,06,3015.4,455.6,436.2,,,,,4
2020 / 11,Queens,06,2981.1,388.3,382.1,,,,,4
2020 / 02,Queens,06,2440.6,364.4,333.4,,59.7,,,4
2021 / 04,Queens,06,699.0,98.7,99.4,,,,,4
2020 / 11,Bronx,08,2578.3,339.3,382.4,,,,,2
2020 / 10,Brooklyn,08,2897.2,363.2,335.0,,,,,3
2020 / 02,Brooklyn,08,2306.3,259.5,248.2,,11.6,,,3
2020 / 02,Bronx,01,1793.6,101.9,122.4,5.2,,,,2
2020 / 06,Bronx,02,1789.9,145.1,177.1,,,,,2
2020 / 07,Manhattan,07,4295.8,927.1,758.3,,,,,1
2020 / 04,Manhattan,03,2252.6,266.1,337.0,,,,,1
2021 / 01,Manhattan,03,2528.5,366.2,334.4,,,,11.3,1
2020 / 09,Manhattan,02,1911.4,452.7,325.3,,,,,1
2020 / 10,Manhattan,02,2010.9,455.1,322.5,,,,,1
2020 / 08,Manhattan,10,2965.8,269.5,271.4,,,,,1
2020 / 05,Manhattan,10,2615.5,281.1,298.2,0.8,,,,1
2020 / 11,Bronx,04,4266.4,299.1,394.9,,,,,2
2021 / 03,Bronx,04,4341.1,326.3,425.0,,,,,2
2020 / 10,Brooklyn,01,6226.8,879.7,645.7,,,,,3
2020 / 04,Brooklyn,01,4930.4,701.2,633.5,57.2,,,,3
2020 / 04,Brooklyn,03,3798.2,398.5,449.9,,,,,3
2020 / 07,Manhattan,12,5527.1,591.1,648.2,,,,,1
2021 / 01,Manhattan,12,4615.6,496.9,569.3,,,,25.6,1
2021 / 04,Manhattan,12,1092.0,114.7,121.9,,,,,1
2020 / 02,Manhattan,05,1194.2,257.8,171.0,,,,,1
2021 / 01,Manhattan,08,4386.0,1081.5,819.8,,,,96.0,1
2021 / 01,Bronx,05,3402.7,275.2,406.1,,,,7.6,2
2021 / 04,Bronx,05,899.5,57.5,89.9,,,,,2
2020 / 02,Manhattan,09,1979.6,247.7,266.3,35.1,47.9,,,1
2020 / 03,Manhattan,09,2133.6,242.2,264.4,40.8,36.3,,,1
2020 / 01,Manhattan,09,2116.1,286.4,306.2,35.7,63.1,,20.5,1
2020 / 08,Manhattan,09,2460.9,280.4,308.9,,,,,1
2021 / 01,Manhattan,09,2083.8,314.7,316.4,,,,18.5,1
2020 / 09,Brooklyn,09,3246.4,341.9,301.6,,,,,3
2020 / 05,Brooklyn,09,3016.8,320.3,303.3,,,,,3
2020 / 06,Manhattan,11,2354.0,236.4,217.2,,,,,1
2020 / 10,Manhattan,11,2310.5,221.9,196.3,,,,,1
2020 / 06,Bronx,07,4286.6,427.7,607.1,,,,,2
2020 / 01,Bronx,07,3568.5,308.9,512.6,,,,15.6,2
2020 / 09,Manhattan,04,2400.6,471.3,383.2,,,,,1
2020 / 11,Manhattan,01,1207.1,325.3,224.3,,,,,1
2020 / 10,Manhattan,01,1341.7,434.7,289.9,,,,,1
2021 / 01,Brooklyn,04,3132.2,341.4,436.2,,,,11.7,3
2020 / 07,Bronx,03,2392.1,208.8,278.8,,,,,2
2020 / 11,Bronx,03,2187.7,160.8,208.6,,,,,2
2020 / 04,Bronx,03,1931.7,140.6,235.7,,,,,2
2020 / 02,Bronx,03,1731.9,118.4,193.5,,,,,2
2021 / 04,Bronx,03,549.5,42.0,48.7,,,,,2
2020 / 10,Bronx,06,2473.6,193.8,230.5,,,,,2
2021 / 01,Brooklyn,07,3250.2,439.8,433.5,,,,12.1,3
2020 / 05,Staten Island,03,7306.6,853.2,988.1,,,,,5
2021 / 01,Staten Island,03,5633.6,876.2,779.7,,,,28.7,5
2021 / 02,Brooklyn,18,4257.7,426.6,542.2,,,,,3
2020 / 07,Queens,13,6957.2,552.2,1164.7,,,,,4
2020 / 12,Queens,13,5563.5,578.5,1027.6,,,,,4
2020 / 06,Bronx,09,4423.5,326.0,497.1,,,,,2
2020 / 02,Bronx,09,3262.2,199.7,308.4,,,,,2
2020 / 01,Staten Island,01,4751.0,650.1,713.9,83.6,,,35.7,5
2020 / 05,Bronx,10,3101.6,357.9,567.3,7.3,,,,2
2020 / 07,Bronx,10,3095.1,343.1,563.3,,,,,2
2021 / 01,Bronx,10,2509.6,363.3,454.7,,,,8.4,2
2020 / 03,Queens,12,5999.5,417.8,829.1,,,,,4
2021 / 02,Queens,12,5060.5,406.2,723.7,,,,,4
2020 / 03,Queens,01,3937.1,638.0,700.2,,,,,4
2021 / 04,Queens,01,1021.3,158.1,167.0,,,,,4
2020 / 02,Queens,09,3267.8,367.3,467.4,122.5,30.8,,,4
2020 / 11,Queens,09,4449.3,400.2,616.7,,,,,4
2020 / 10,Queens,09,4502.7,426.2,711.4,,,,,4
2020 / 12,Queens,09,4195.2,523.5,691.6,,,,,4
2020 / 11,Brooklyn,05,5117.3,285.9,452.8,,,,,3
2021 / 03,Brooklyn,06,2374.0,580.7,456.0,,,,,3
2020 / 09,Queens,03,5584.6,433.2,625.9,,,,,4
2020 / 10,Queens,03,5410.9,446.4,631.2,,,,,4
2021 / 03,Queens,03,5387.1,397.6,553.0,,,,,4
2020 / 01,Bronx,12,3496.6,389.0,618.1,135.0,,,8.4,2
2020 / 08,Bronx,12,4787.3,433.3,713.8,,,,,2
2020 / 04,Bronx,12,3577.3,357.6,616.3,141.7,,,,2
2021 / 03,Bronx,12,4251.6,404.7,638.8,,,,,2
2020 / 02,Staten Island,02,3418.3,459.3,428.3,,30.2,1.6,,5
2020 / 05,Queens,07,7243.8,811.1,936.3,9.5,,,,4
2020 / 10,Brooklyn,14,5203.5,533.9,505.8,,,,,3
2020 / 06,Brooklyn,14,5303.7,559.8,543.8,,,,,3
2020 / 07,Brooklyn,14,5241.4,492.8,497.1,,,,,3
2021 / 03,Brooklyn,14,5054.1,518.9,479.7,,,,,3
2020 / 10,Brooklyn,13,2302.1,205.8,255.6,,,,,3
2020 / 02,Queens,02,2625.6,370.6,361.8,59.6,53.1,,,4
2020 / 07,Queens,02,3550.5,487.1,495.0,,,,,4
2020 / 03,Queens,02,2931.5,435.3,445.1,76.6,36.0,,,4
2020 / 12,Queens,02,3207.7,563.5,519.1,,,,,4
2021 / 04,Queens,02,839.4,113.9,115.6,,,,,4
2020 / 04,Queens,04,3709.4,303.8,473.1,,,,,4
2021 / 03,Queens,04,4330.1,368.1,579.1,,,,,4
2020 / 08,Queens,04,4636.3,376.4,577.7,,,,,4
2020 / 06,Brooklyn,12,6530.9,792.0,442.9,,,,,3
2020 / 10,Brooklyn,12,7031.3,783.2,446.2,,,,,3
2020 / 04,Queens,10,3617.3,346.3,586.7,57.6,,,,4
2020 / 05,Queens,10,4517.3,378.6,675.9,4.0,,,,4
2020 / 09,Queens,10,4531.6,392.5,611.9,,,,,4
2021 / 03,Queens,10,3975.8,384.9,611.0,,,,2.4,4
2020 / 01,Queens,14,2703.6,267.0,279.4,58.9,,,27.0,4
2020 / 10,Bronx,11,3477.6,304.2,449.8,,,,,2
2020 / 09,Queens,11,3511.2,495.6,520.5,,,,,4
2020 / 11,Queens,11,3628.3,445.6,443.3,,,,,4
2020 / 11,Queens,08,4010.8,430.4,405.3,,,,,4
2020 / 04,Brooklyn,10,3079.0,480.5,534.7,56.1,,,,3
2021 / 03,Brooklyn,10,3611.7,499.6,507.3,,,,,3
2020 / 11,Brooklyn,17,4805.0,336.9,462.6,,,,,3
2021 / 01,Brooklyn,17,4231.1,355.3,499.6,,,,6.0,3
2020 / 09,Queens,06,3133.3,436.8,419.6,,,,,4
2020 / 05,Brooklyn,08,2710.3,281.2,305.7,,,,,3
2020 / 06,Brooklyn,08,2995.0,379.8,391.6,,,,,3
2020 / 07,Brooklyn,08,3096.7,352.7,367.8,,,,,3
2020 / 10,Bronx,01,2307.4,167.6,170.0,,,,,2
2021 / 03,Bronx,01,2324.2,176.0,183.1,,,,,2
2021 / 01,Bronx,01,2092.5,164.5,172.2,,,,3.4,2
2020 / 08,Bronx,02,1767.8,128.0,168.6,,,,,2
2021 / 03,Bronx,02,1710.1,123.9,146.9,,,,,2
2020 / 10,Manhattan,07,4625.0,1123.8,825.4,,,,,1
2020 / 01,Manhattan,07,4683.6,1140.8,859.9,42.7,49.8,,81.0,1
2020 / 03,Manhattan,03,2699.6,305.2,313.6,,28.3,,,1
2020 / 09,Manhattan,03,3016.1,392.8,339.8,,,,,1
2020 / 05,Manhattan,02,1459.8,297.4,278.8,,,,,1
2021 / 03,Manhattan,02,1918.7,479.4,345.6,,,,,1
2020 / 10,Manhattan,10,2833.9,301.2,293.6,,,,,1
2021 / 03,Manhattan,10,2807.6,296.1,285.3,,,,,1
2020 / 11,Manhattan,10,2730.2,254.6,238.6,,,7.5,,1
2020 / 04,Bronx,04,3837.1,218.4,383.4,8.6,,,,2
2020 / 05,Bronx,04,4410.5,321.1,446.0,0.4,,,,2
2020 / 12,Bronx,04,4395.5,339.7,405.9,,,,,2
2020 / 05,Brooklyn,03,4326.4,426.3,465.2,,,,,3
2020 / 06,Manhattan,12,5361.5,533.9,585.8,,,,,1
2020 / 05,Manhattan,12,4845.6,499.2,582.9,2.0,,,,1
2021 / 02,Manhattan,12,4200.4,425.7,471.0,,,,,1
2020 / 08,Manhattan,12,5377.0,490.3,556.5,,,,,1
2021 / 03,Manhattan,12,5074.6,506.2,553.9,,,,,1
2020 / 03,Manhattan,05,1222.5,287.5,194.8,,,,,1
2021 / 04,Manhattan,08,1092.8,244.9,208.4,,,,,1
2020 / 05,Manhattan,09,2171.0,282.3,326.1,2.0,,,,1
2020 / 11,Manhattan,09,2168.6,240.3,245.4,,,,,1
2021 / 02,Manhattan,09,1875.7,227.8,242.3,,,,,1
2020 / 04,Manhattan,09,1878.8,221.2,292.4,31.5,,,,1
2020 / 04,Brooklyn,09,2777.8,284.9,276.5,,,,,3
2020 / 06,Brooklyn,09,3240.9,315.8,292.2,,,,,3
2020 / 07,Brooklyn,09,3274.8,360.1,325.4,,,,,3
2020 / 02,Brooklyn,09,2630.2,250.3,221.8,,,,,3
2021 / 03,Brooklyn,09,3211.2,307.0,278.2,,,,,3
2021 / 04,Brooklyn,09,684.6,64.6,66.1,,,,,3
2020 / 03,Manhattan,11,2157.0,204.8,195.6,3.8,,,,1
2020 / 11,Bronx,07,3863.3,328.0,504.2,,,,,2
2021 / 03,Bronx,07,3978.8,375.5,593.2,,,,,2
2020 / 05,Bronx,07,4027.1,342.8,527.2,,,,,2
2021 / 04,Bronx,07,889.2,82.7,158.1,,,,,2
2020 / 05,Manhattan,04,2061.0,420.9,438.2,1.5,,,,1
2020 / 08,Manhattan,04,2382.1,430.0,391.8,,,,,1
2021 / 03,Manhattan,01,1297.1,363.6,240.1,,,,,1
2021 / 02,Manhattan,01,1121.1,322.5,229.1,,,,,1
2020 / 11,Brooklyn,04,3424.2,325.1,412.1,,,,,3
2020 / 09,Brooklyn,04,3728.1,356.8,457.1,,,,,3
2020 / 10,Bronx,03,2207.6,162.1,222.2,,,,,2
2021 / 02,Bronx,03,1890.8,141.7,177.6,,,,,2
2021 / 01,Bronx,03,2075.5,148.7,200.4,,,,2.1,2
2020 / 07,Bronx,06,2698.3,243.6,280.7,,,,,2
2020 / 05,Bronx,06,2532.2,189.9,250.6,4.9,,,,2
2020 / 12,Bronx,06,2479.2,240.7,270.5,,,,,2
2021 / 01,Queens,7A,,,,,,6.0,,
2020 / 07,Brooklyn,07,3886.4,456.8,490.4,,,,,3
2020 / 11,Brooklyn,07,3469.4,418.1,403.5,,,,,3
2020 / 03,Staten Island,03,5463.3,743.4,707.2,,18.4,,,5
2020 / 09,Staten Island,03,6615.1,788.9,818.6,,,,,5
2020 / 12,Staten Island,03,6378.5,1053.5,863.3,,,,,5
2020 / 09,Brooklyn,11,5520.2,639.9,617.5,,,,,3
2020 / 11,Brooklyn,11,5301.1,568.4,547.4,,,7.4,,3
2021 / 01,Brooklyn,11,4938.4,608.5,598.6,,,9.5,16.2,3
2020 / 11,Queens,05,5513.0,605.1,736.4,,,,,4
2021 / 01,Queens,05,4760.2,688.6,872.8,,,,36.5,4
2020 / 10,Brooklyn,18,6102.5,635.0,732.8,,,,,3
2020 / 05,Brooklyn,18,6168.7,599.6,767.5,,,,,3
2020 / 11,Brooklyn,18,6116.7,562.4,609.5,,,,,3
2020 / 01,Queens,13,4520.2,448.6,857.4,172.6,,,30.0,4
2020 / 11,Queens,13,6203.2,466.8,834.6,,,,,4
2021 / 01,Queens,13,4776.5,485.3,901.8,,,,20.0,4
2020 / 05,Bronx,09,4199.8,274.4,442.9,,,,,2
2020 / 04,Bronx,09,3568.1,214.5,376.6,,,,,2
2020 / 11,Bronx,09,3985.2,243.5,374.0,,,,,2
2021 / 04,Bronx,09,922.7,72.5,105.5,,,,,2
2020 / 03,Staten Island,01,4932.1,584.8,688.3,110.5,,,,5
2020 / 06,Bronx,10,3135.3,341.9,580.2,,,,,2
2021 / 01,Queens,12,6200.2,540.5,947.0,,,,8.1,4
2020 / 10,Queens,01,4278.6,689.5,708.0,,,,,4
2020 / 12,Queens,01,4219.3,775.6,753.8,,,,,4
2020 / 07,Brooklyn,05,5906.2,391.1,614.3,,,,,3
2020 / 06,Brooklyn,05,5753.7,376.3,590.9,,,,,3
2020 / 05,Brooklyn,05,5159.9,293.5,493.1,,,,,3
2020 / 12,Brooklyn,05,5128.4,392.8,531.6,,,,,3
2021 / 04,Brooklyn,05,1255.4,72.5,119.2,,,,,3
2020 / 05,Brooklyn,06,2144.7,505.6,473.5,7.1,,,,3
2020 / 08,Brooklyn,06,2269.6,503.5,428.5,,,,,3
2020 / 09,Brooklyn,06,2367.9,585.7,448.8,,,,,3
2020 / 12,Brooklyn,06,2336.9,687.6,511.7,,,,,3
2020 / 03,Queens,03,4577.8,324.9,483.8,,,,,4
2021 / 01,Queens,03,4691.4,448.8,571.3,,,,19.3,4
2020 / 12,Queens,03,5201.1,504.2,637.7,,,,,4
2021 / 04,Queens,03,1196.3,89.0,120.5,,,,,4
2020 / 09,Queens,07,7466.3,809.0,876.2,,,,,4
2020 / 05,Brooklyn,14,4849.4,473.9,465.7,,,,,3
2020 / 01,Brooklyn,14,4583.6,488.9,410.3,,82.2,,10.8,3
2020 / 11,Brooklyn,13,2136.5,186.6,222.9,,,,,3
2021 / 03,Brooklyn,13,2253.4,204.7,260.2,,,,,3
2021 / 04,Brooklyn,13,554.8,51.7,64.2,,,,,3
2020 / 06,Queens,02,3485.3,478.1,500.0,,,,,4
2020 / 05,Queens,02,3165.6,425.1,486.5,5.4,,,,4
2020 / 10,Queens,02,3341.8,468.4,452.9,,,,,4
2021 / 03,Queens,02,3272.5,461.2,458.9,,,,,4
2020 / 09,Queens,04,4453.7,377.3,592.7,,,,,4
2020 / 07,Queens,04,4762.7,440.3,605.2,,,,,4
2021 / 02,Queens,04,3505.7,317.2,400.6,,,,,4
2020 / 12,Queens,04,4227.9,456.7,697.9,,,,,4
2020 / 07,Brooklyn,12,5702.8,670.7,412.2,,,,,3
2020 / 10,Queens,10,4411.8,405.1,603.2,,,,,4
2021 / 02,Queens,10,2844.9,295.0,437.7,,,,,4
2020 / 03,Queens,10,3461.1,351.0,515.8,54.6,,,,4
2020 / 06,Queens,14,3903.7,307.8,382.9,,,,,4
2020 / 09,Queens,14,3713.5,278.8,341.9,,,,,4
2020 / 11,Queens,14,3268.5,250.5,279.1,,,,,4
2020 / 05,Brooklyn,02,2401.4,448.0,463.7,5.1,,,,3
2021 / 01,Brooklyn,02,2419.6,562.5,471.8,,,,46.3,3
2020 / 07,Queens,11,3519.5,491.3,544.0,,,,,4
2020 / 12,Queens,08,3871.2,549.1,474.1,,,,,4
2020 / 12,Brooklyn,17,4839.4,433.5,563.2,,,,,3
2020 / 06,Queens,06,3183.6,445.1,449.1,,,,,4
2021 / 02,Queens,06,2340.7,361.7,355.2,,,,,4
2020 / 10,Bronx,08,2557.6,370.7,411.1,,,,,2
2020 / 04,Bronx,08,2177.5,326.8,419.6,63.4,,,,2
2021 / 04,Bronx,08,601.6,72.6,91.4,,,,,2
2021 / 02,Brooklyn,08,2298.2,283.0,267.9,,,,,3
2021 / 01,Brooklyn,08,2603.9,342.2,327.2,,,9.7,13.8,3
2020 / 03,Bronx,01,1971.0,130.1,160.7,4.7,,,,2
2020 / 01,Bronx,01,1973.9,118.8,142.0,5.8,,,23.8,2
2020 / 07,Brooklyn,16,2769.8,162.4,246.7,,,,,3
2020 / 10,Brooklyn,16,2461.2,131.5,234.5,,,,,3
2021 / 02,Brooklyn,16,2164.0,88.5,161.8,,,,,3
2021 / 02,Bronx,02,1402.9,109.4,133.0,,,,,2
2020 / 06,Manhattan,07,4286.0,913.8,774.1,,,,,1
2020 / 02,Manhattan,03,2707.7,308.8,301.4,,41.7,,,1
2020 / 11,Manhattan,03,2718.3,318.1,289.2,,,,,1
2021 / 02,Manhattan,03,2460.4,324.6,294.9,,,,,1
2020 / 07,Manhattan,02,1765.4,363.4,301.4,,,,,1
2020 / 06,Manhattan,10,2885.8,306.7,302.7,,,,,1
2020 / 02,Manhattan,10,2316.6,229.9,245.6,16.5,25.0,,,1
2021 / 01,Manhattan,10,2612.8,293.9,289.6,,,15.0,28.8,1
2021 / 01,Bronx,04,3989.2,310.7,404.8,,,,6.2,2
2020 / 08,Bronx,04,4577.6,336.1,461.9,,,,,2
2020 / 03,Brooklyn,01,5676.2,680.3,543.8,51.7,,,,3
2021 / 03,Brooklyn,01,6118.5,793.8,569.7,,,,,3
2020 / 07,Brooklyn,03,4746.2,492.5,525.9,,,,,3
2021 / 02,Brooklyn,03,3596.3,382.1,345.2,,,,,3
2021 / 04,Brooklyn,03,1122.9,101.3,107.0,,,,,3
2020 / 02,Manhattan,12,4166.3,398.2,468.2,25.4,37.1,,,1
2020 / 04,Manhattan,12,4258.4,440.4,590.3,29.9,,,,1
2021 / 03,Manhattan,05,1243.0,288.3,198.3,,,,,1
2020 / 08,Manhattan,05,1256.4,227.3,163.6,,,,,1
2020 / 09,Manhattan,08,4808.4,1075.1,751.7,,,,,1
2020 / 02,Manhattan,06,2628.2,526.2,408.4,33.7,,,,1
2020 / 08,Manhattan,06,2707.7,444.7,390.6,,,,,1
2020 / 12,Manhattan,06,2646.9,632.2,473.5,,,,,1
2020 / 12,Brooklyn,09,3272.2,355.9,316.9,,,,,3
2020 / 02,Manhattan,11,2063.2,192.2,181.5,,,,,1
2021 / 04,Manhattan,11,528.3,49.4,48.3,,,,,1
2020 / 07,Bronx,07,4304.2,435.2,626.2,,,,,2
2020 / 12,Bronx,07,3950.0,427.3,589.9,,,,,2
2020 / 02,Manhattan,04,2153.0,472.3,382.8,32.1,,,,1
2020 / 04,Manhattan,04,1845.2,402.7,427.6,27.7,,,,1
2021 / 01,Manhattan,04,2129.4,524.5,433.7,,,,21.6,1
2020 / 02,Manhattan,01,1285.2,385.4,252.1,17.3,,,,1
2020 / 02,Brooklyn,04,2665.1,236.5,349.0,,,,,3
2020 / 05,Bronx,03,2190.1,176.9,247.9,,,,,2
2020 / 01,Bronx,03,1927.2,165.4,236.9,,,,2.1,2
2020 / 09,Bronx,03,2252.3,247.9,315.0,,,,,2
2020 / 11,Bronx,06,2438.6,170.8,208.8,,,,,2
2020 / 03,Bronx,06,2216.1,156.9,220.7,9.5,18.2,,,2
2021 / 03,Bronx,06,2530.2,267.4,271.7,,,,,2
2021 / 03,Brooklyn,07,3534.9,442.0,439.1,,,,,3
2021 / 02,Staten Island,03,4382.1,621.5,595.7,,,,,5
2020 / 06,Brooklyn,11,5760.6,655.5,733.3,,,,,3
2020 / 04,Queens,05,4698.1,586.6,940.5,121.6,,,,4
2021 / 03,Queens,05,5193.9,645.4,801.2,,,,,4
2021 / 02,Queens,05,3871.6,517.1,658.6,,,,,4
2021 / 04,Queens,05,1192.6,166.5,211.1,,,,,4
2020 / 04,Brooklyn,18,5367.7,549.5,690.3,,,,,3
2021 / 03,Brooklyn,18,5901.4,585.5,666.2,,,,,3
2021 / 01,Brooklyn,18,5213.7,612.6,677.7,,,,12.0,3
2021 / 04,Brooklyn,18,1324.2,131.2,155.2,,,,,3
2020 / 10,Queens,13,6140.8,550.9,950.2,,,,,4
2020 / 06,Queens,13,7129.4,530.1,1228.2,,,,,4
2021 / 02,Queens,13,3787.1,352.0,693.3,,,,,4
2020 / 03,Bronx,09,3569.3,216.1,337.3,,,,,2
2021 / 03,Bronx,09,4039.9,268.5,413.4,,,,,2
2020 / 06,Staten Island,01,6633.5,709.1,1124.1,,,,,5
2020 / 08,Staten Island,01,6392.4,595.3,908.6,,,,,5
2021 / 01,Staten Island,01,5112.4,689.8,747.6,,,,25.1,5
2020 / 04,Bronx,10,2542.8,284.4,485.0,78.0,,,,2
2020 / 10,Bronx,10,2959.5,349.8,489.3,,,,,2
2020 / 06,Queens,12,8585.7,604.0,1246.4,,,,,4
2020 / 05,Queens,01,4382.4,609.6,766.9,,,,,4
2020 / 04,Brooklyn,15,4468.6,543.4,589.2,44.8,,,,3
2020 / 01,Brooklyn,15,4310.6,606.8,519.6,56.5,,,7.5,3
2020 / 09,Brooklyn,15,5053.9,587.0,554.5,,,,,3
2020 / 10,Brooklyn,15,5126.4,626.8,578.7,,,,,3
2020 / 04,Queens,09,3676.6,391.8,621.0,153.9,,,,4
2021 / 03,Queens,09,4344.6,450.3,638.9,,,,,4
2020 / 04,Brooklyn,05,4405.4,253.4,463.6,,,,,3
2020 / 10,Brooklyn,05,5295.8,301.4,503.6,,,,,3
2020 / 03,Brooklyn,05,4355.6,240.4,407.4,,,,,3
2021 / 01,Brooklyn,05,4538.8,301.3,468.4,,,,5.2,3
2020 / 07,Brooklyn,06,2322.7,547.8,470.5,,,,,3
2020 / 02,Brooklyn,06,1812.0,491.7,390.4,95.5,40.9,,,3
2021 / 04,Brooklyn,06,529.0,139.2,115.3,,,,,3
2020 / 05,Queens,03,5416.8,398.3,607.4,,,,,4
2020 / 11,Queens,03,5239.0,373.5,542.2,,,,,4
2020 / 07,Bronx,12,4959.5,500.1,765.4,,,,,2
2020 / 05,Bronx,12,4506.3,417.0,702.3,12.5,,,,2
2020 / 02,Queens,07,5371.4,694.6,661.4,91.2,,,,4
2020 / 07,Queens,07,7653.0,890.4,946.8,,,,,4
2021 / 03,Queens,07,6930.8,798.0,810.3,,,,,4
2020 / 03,Queens,07,6163.7,788.0,785.1,104.6,,,,4
2020 / 03,Brooklyn,14,4669.4,511.0,442.1,,43.3,,,3
2020 / 12,Brooklyn,14,5176.3,562.8,480.0,,,,,3
2020 / 07,Brooklyn,13,2463.8,223.3,289.7,,,,,3
2020 / 05,Brooklyn,13,2157.3,191.6,267.3,0.8,,,,3
2020 / 04,Brooklyn,12,6179.6,723.8,508.4,33.2,,,,3
2020 / 09,Brooklyn,12,6959.8,832.1,403.1,,,,,3
2020 / 12,Brooklyn,12,6782.2,875.5,450.3,,,,,3
2021 / 04,Brooklyn,12,1704.7,176.6,121.1,,,,,3
2021 / 03,Brooklyn,02,2645.2,545.2,455.2,,,,,3
2020 / 12,Brooklyn,02,2573.2,625.8,487.5,,,,,3
2021 / 03,Bronx,11,3306.4,325.1,380.6,,,,,2
2021 / 01,Bronx,11,2954.0,328.3,398.6,,,,12.9,2
2020 / 05,Queens,11,3554.5,465.8,542.8,8.9,,,,4
2020 / 07,Queens,08,4309.3,512.0,516.9,,,,,4
2020 / 05,Queens,08,4044.8,449.2,481.7,3.3,,,,4
2020 / 10,Queens,08,4121.9,503.7,478.2,,,,,4
2021 / 04,Queens,08,878.0,99.5,104.7,,,,,4
2020 / 01,Brooklyn,10,3221.2,528.5,502.9,67.9,,,38.0,3
2020 / 10,Brooklyn,10,3702.3,543.0,529.8,,,,,3
2021 / 04,Brooklyn,10,937.4,125.2,124.9,,,,,3
2020 / 04,Brooklyn,17,4078.9,284.3,459.0,,,,,3
2020 / 05,Brooklyn,17,4791.8,334.5,519.0,,,,,3
2020 / 01,Brooklyn,17,4047.7,318.6,472.3,,,,7.1,3
2020 / 08,Brooklyn,17,5342.7,361.1,554.3,,,,,3
2021 / 03,Queens,06,2973.7,421.0,432.6,,,,,4
2020 / 09,Bronx,08,2610.6,384.0,440.9,,,,,2
2020 / 02,Bronx,08,1999.5,286.4,329.9,42.5,,,,2
2020 / 01,Bronx,08,2250.0,346.8,406.0,60.4,,,21.6,2
2020 / 12,Bronx,08,2536.3,426.9,473.1,,,,,2
2020 / 11,Brooklyn,08,2839.1,345.1,329.7,,,11.6,,3
2020 / 08,Brooklyn,08,3045.1,332.7,353.8,,,,,3
2020 / 09,Brooklyn,16,2575.8,125.0,217.5,,,,,3
2020 / 08,Brooklyn,16,2681.0,131.4,209.8,,,,,3
2021 / 02,Manhattan,07,3772.9,890.2,715.9,,,,,1
2020 / 03,Manhattan,02,1722.4,455.9,339.9,,17.1,,,1
2020 / 11,Manhattan,02,1920.0,420.0,309.0,,,,,1
2020 / 08,Manhattan,02,1816.1,349.4,293.8,,,,,1
2020 / 01,Manhattan,10,2608.2,315.7,317.2,18.4,32.7,,25.2,1
2020 / 09,Bronx,04,4395.7,337.2,435.2,,,,,2
2020 / 03,Bronx,04,3893.3,264.4,404.7,11.7,,,,2
2021 / 04,Bronx,04,906.9,74.3,91.6,,,,,2
2020 / 05,Brooklyn,01,5289.9,744.4,587.0,1.9,,,,3
2020 / 06,Brooklyn,01,5831.8,730.3,612.6,,,,,3
2021 / 02,Brooklyn,01,5146.5,677.6,484.1,,,,,3
2021 / 01,Brooklyn,01,5452.2,827.4,565.6,,,,27.8,3
2021 / 04,Brooklyn,01,1630.9,205.3,165.0,,,,,3
2020 / 11,Brooklyn,03,4488.1,438.0,435.7,,,,,3
2021 / 03,Brooklyn,03,4691.7,491.7,482.7,,,,,3
2020 / 01,Brooklyn,03,3885.9,425.4,415.9,,,8.3,20.9,3
2020 / 01,Manhattan,12,4654.9,506.7,612.3,30.0,43.5,,32.0,1
2020 / 10,Manhattan,12,5136.1,546.0,577.3,,,,,1
2020 / 12,Manhattan,12,5082.2,639.3,659.9,,,,,1
2020 / 09,Manhattan,05,1269.8,300.8,201.5,,,,,1
2020 / 05,Manhattan,05,1017.3,212.6,169.1,,,,,1
2020 / 12,Manhattan,05,1189.7,296.3,202.2,,,,,1
2021 / 04,Manhattan,05,281.6,65.9,41.7,,,,,1
2020 / 02,Manhattan,08,4690.8,1084.8,812.3,20.6,,,,1
2021 / 02,Manhattan,08,4054.5,948.6,725.7,,,,,1
2020 / 05,Manhattan,08,3986.3,908.5,797.3,0.7,,,,1
2020 / 10,Bronx,05,3773.0,288.3,412.8,,,,,2
2020 / 01,Bronx,05,3304.4,202.3,332.1,,,,3.8,2
2020 / 04,Manhattan,06,2068.8,435.9,435.3,40.2,,,,1
2020 / 03,Manhattan,06,2708.7,524.0,414.5,45.3,,,,1
2020 / 07,Manhattan,09,2477.5,302.9,343.4,,,,,1
2020 / 09,Manhattan,09,2340.7,299.7,285.1,,,,,1
2021 / 04,Manhattan,09,496.6,72.7,76.6,,,,,1
2020 / 10,Brooklyn,09,3272.6,362.4,316.8,,,,,3
2020 / 11,Brooklyn,09,3132.5,299.3,252.8,,,,,3
2021 / 01,Brooklyn,09,2971.3,342.4,322.8,,,,7.0,3
2020 / 02,Bronx,07,3240.4,250.2,420.8,,,,,2
2020 / 09,Bronx,07,3946.7,412.8,618.8,,,,,2
2020 / 08,Manhattan,01,1209.4,300.9,219.1,,,,,1
2021 / 01,Manhattan,01,1175.8,385.3,267.6,,,,27.3,1
2020 / 10,Brooklyn,04,3562.6,371.2,460.0,,,,,3
2020 / 05,Brooklyn,04,3419.2,323.4,473.4,,,,,3
2020 / 08,Bronx,03,2326.3,166.0,246.3,,,,,2
2021 / 03,Bronx,03,2298.9,193.1,239.3,,,,,2
